Workbook
Name Slicer_Delay_Issue_Type: #N/A
Name Slicer_Handling_Hub: #N/A
Name Slicer_Region: #N/A
Name Slicer_Shipment_Type: #N/A

Sheet Raw_Data
A1: Shipment_ID | B1: Order_Date | C1: Region | D1: City | E1: Handling_Hub | F1: Shipment_Type | G1: Delay_Issue_Type | H1: Issue_Severity | I1: Planned_TAT_Days | J1: Actual_TAT_Days | K1: Delay_Days | L1: SLA_Breached | M1: Backlog_Load | N1: Cost_Overrun | O1: Revenue_At_Risk | P1: SLA_Complaint | Q1: Delay_Flag | R1: Delay_Severity | S1: Revenue_Risk_per _Day | T1: Cost_Overrun_per_Day | U1: Date_Year | V1: Date_Month | W1: Breach_flag
A2: SHP-30000 | B2: 45533 | C2: South | D2: Chennai | E2: Central Hub | F2: Express | G2: Weather | H2: Low | I2: 2 | J2: 6 | K2: 4 | L2: Yes | M2: 367 | N2: 8308 | O2: 6932 | P2: =IF(L2="Yes",0,1) -> 0 | Q2: =IF(K2>J2,"Yes","No") -> No | R2: {=_xlfn.IFS(K2=0,"On Time",K2<=2,"Minor",K2<=5,"Major",K2>5,"Severe")} -> Major | S2: =IFERROR(O2/K2,0) -> 1733 | T2: =IFERROR(N2/K2,0) -> 2077 | U2: =YEAR(B2) -> 2024 | V2: =MONTH(B2) -> 8 | W2: =IF(L2="Yes",1,0) -> 1
A3: SHP-30001 | B3: 45496 | C3: South | D3: Bengaluru | E3: Local Hub | F3: Standard | G3: Weather | H3: Medium | I3: 3 | J3: 8 | K3: 5 | L3: Yes | M3: 279 | N3: 5370 | O3: 14890 | P3: =IF(L3="Yes",0,1) -> 0 | Q3: =IF(K3>J3,"Yes","No") -> No | R3: {=_xlfn.IFS(K3=0,"On Time",K3<=2,"Minor",K3<=5,"Major",K3>5,"Severe")} -> Major | S3: =IFERROR(O3/K3,0) -> 2978 | T3: =IFERROR(N3/K3,0) -> 1074 | U3: =YEAR(B3) -> 2024 | V3: =MONTH(B3) -> 7 | W3: =IF(L3="Yes",1,0) -> 1
A4: SHP-30002 | B4: 45540 | C4: East | D4: Kolkata | E4: Regional Hub | F4: Critical | G4: System | H4: High | I4: 1 | J4: 8 | K4: 7 | L4: Yes | M4: 321 | N4: 16044 | O4: 16506 | P4: =IF(L4="Yes",0,1) -> 0 | Q4: =IF(K4>J4,"Yes","No") -> No | R4: {=_xlfn.IFS(K4=0,"On Time",K4<=2,"Minor",K4<=5,"Major",K4>5,"Severe")} -> Severe | S4: =IFERROR(O4/K4,0) -> 2358 | T4: =IFERROR(N4/K4,0) -> 2292 | U4: =YEAR(B4) -> 2024 | V4: =MONTH(B4) -> 9 | W4: =IF(L4="Yes",1,0) -> 1
A5: SHP-30003 | B5: 45624 | C5: North | D5: Noida | E5: Regional Hub | F5: Express | G5: Weather | H5: Medium | I5: 2 | J5: 6 | K5: 4 | L5: Yes | M5: 280 | N5: 6884 | O5: 11760 | P5: =IF(L5="Yes",0,1) -> 0 | Q5: =IF(K5>J5,"Yes","No") -> No | R5: {=_xlfn.IFS(K5=0,"On Time",K5<=2,"Minor",K5<=5,"Major",K5>5,"Severe")} -> Major | S5: =IFERROR(O5/K5,0) -> 2940 | T5: =IFERROR(N5/K5,0) -> 1721 | U5: =YEAR(B5) -> 2024 | V5: =MONTH(B5) -> 11 | W5: =IF(L5="Yes",1,0) -> 1
A6: SHP-30004 | B6: 45614 | C6: East | D6: Kolkata | E6: Local Hub | F6: Express | G6: Routing | H6: Medium | I6: 2 | J6: 3 | K6: 1 | L6: Yes | M6: 58 | N6: 2394 | O6: 4163 | P6: =IF(L6="Yes",0,1) -> 0 | Q6: =IF(K6>J6,"Yes","No") -> No | R6: {=_xlfn.IFS(K6=0,"On Time",K6<=2,"Minor",K6<=5,"Major",K6>5,"Severe")} -> Minor | S6: =IFERROR(O6/K6,0) -> 4163 | T6: =IFERROR(N6/K6,0) -> 2394 | U6: =YEAR(B6) -> 2024 | V6: =MONTH(B6) -> 11 | W6: =IF(L6="Yes",1,0) -> 1
A7: SHP-30005 | B7: 45297 | C7: East | D7: Kolkata | E7: Central Hub | F7: Standard | G7: Documentation | H7: Low | I7: 3 | J7: 8 | K7: 5 | L7: Yes | M7: 304 | N7: 10880 | O7: 10720 | P7: =IF(L7="Yes",0,1) -> 0 | Q7: =IF(K7>J7,"Yes","No") -> No | R7: {=_xlfn.IFS(K7=0,"On Time",K7<=2,"Minor",K7<=5,"Major",K7>5,"Severe")} -> Major | S7: =IFERROR(O7/K7,0) -> 2144 | T7: =IFERROR(N7/K7,0) -> 2176 | U7: =YEAR(B7) -> 2024 | V7: =MONTH(B7) -> 1 | W7: =IF(L7="Yes",1,0) -> 1
A8: SHP-30006 | B8: 45293 | C8: East | D8: Kolkata | E8: Regional Hub | F8: Critical | G8: Documentation | H8: Medium | I8: 2 | J8: 4 | K8: 2 | L8: Yes | M8: 244 | N8: 2284 | O8: 9804 | P8: =IF(L8="Yes",0,1) -> 0 | Q8: =IF(K8>J8,"Yes","No") -> No | R8: {=_xlfn.IFS(K8=0,"On Time",K8<=2,"Minor",K8<=5,"Major",K8>5,"Severe")} -> Minor | S8: =IFERROR(O8/K8,0) -> 4902 | T8: =IFERROR(N8/K8,0) -> 1142 | U8: =YEAR(B8) -> 2024 | V8: =MONTH(B8) -> 1 | W8: =IF(L8="Yes",1,0) -> 1
A9: SHP-30007 | B9: 45325 | C9: South | D9: Chennai | E9: Central Hub | F9: Critical | G9: Documentation | H9: Low | I9: 2 | J9: 8 | K9: 6 | L9: Yes | M9: 295 | N9: 12042 | O9: 13446 | P9: =IF(L9="Yes",0,1) -> 0 | Q9: =IF(K9>J9,"Yes","No") -> No | R9: {=_xlfn.IFS(K9=0,"On Time",K9<=2,"Minor",K9<=5,"Major",K9>5,"Severe")} -> Severe | S9: =IFERROR(O9/K9,0) -> 2241 | T9: =IFERROR(N9/K9,0) -> 2007 | U9: =YEAR(B9) -> 2024 | V9: =MONTH(B9) -> 2 | W9: =IF(L9="Yes",1,0) -> 1
A10: SHP-30008 | B10: 45386 | C10: North | D10: Delhi | E10: Central Hub | F10: Standard | G10: Weather | H10: Medium | I10: 2 | J10: 6 | K10: 4 | L10: Yes | M10: 458 | N10: 6020 | O10: 15380 | P10: =IF(L10="Yes",0,1) -> 0 | Q10: =IF(K10>J10,"Yes","No") -> No | R10: {=_xlfn.IFS(K10=0,"On Time",K10<=2,"Minor",K10<=5,"Major",K10>5,"Severe")} -> Major | S10: =IFERROR(O10/K10,0) -> 3845 | T10: =IFERROR(N10/K10,0) -> 1505 | U10: =YEAR(B10) -> 2024 | V10: =MONTH(B10) -> 4 | W10: =IF(L10="Yes",1,0) -> 1
A11: SHP-30009 | B11: 45621 | C11: South | D11: Bengaluru | E11: Regional Hub | F11: Express | G11: System | H11: Low | I11: 1 | J11: 1 | K11: 0 | L11: No | M11: 84 | N11: 0 | O11: 0 | P11: =IF(L11="Yes",0,1) -> 1 | Q11: =IF(K11>J11,"Yes","No") -> No | R11: {=_xlfn.IFS(K11=0,"On Time",K11<=2,"Minor",K11<=5,"Major",K11>5,"Severe")} -> On Time | S11: =IFERROR(O11/K11,0) -> 0 | T11: =IFERROR(N11/K11,0) -> 0 | U11: =YEAR(B11) -> 2024 | V11: =MONTH(B11) -> 11 | W11: =IF(L11="Yes",1,0) -> 0
A12: SHP-30010 | B12: 45473 | C12: North | D12: Delhi | E12: Regional Hub | F12: Express | G12: Capacity | H12: Low | I12: 2 | J12: 7 | K12: 5 | L12: Yes | M12: 313 | N12: 7360 | O12: 14340 | P12: =IF(L12="Yes",0,1) -> 0 | Q12: =IF(K12>J12,"Yes","No") -> No | R12: {=_xlfn.IFS(K12=0,"On Time",K12<=2,"Minor",K12<=5,"Major",K12>5,"Severe")} -> Major | S12: =IFERROR(O12/K12,0) -> 2868 | T12: =IFERROR(N12/K12,0) -> 1472 | U12: =YEAR(B12) -> 2024 | V12: =MONTH(B12) -> 6 | W12: =IF(L12="Yes",1,0) -> 1
A13: SHP-30011 | B13: 45649 | C13: South | D13: Chennai | E13: Central Hub | F13: Critical | G13: System | H13: Low | I13: 1 | J13: 5 | K13: 4 | L13: Yes | M13: 260 | N13: 7656 | O13: 15408 | P13: =IF(L13="Yes",0,1) -> 0 | Q13: =IF(K13>J13,"Yes","No") -> No | R13: {=_xlfn.IFS(K13=0,"On Time",K13<=2,"Minor",K13<=5,"Major",K13>5,"Severe")} -> Major | S13: =IFERROR(O13/K13,0) -> 3852 | T13: =IFERROR(N13/K13,0) -> 1914 | U13: =YEAR(B13) -> 2024 | V13: =MONTH(B13) -> 12 | W13: =IF(L13="Yes",1,0) -> 1
... A2001: SHP-31999 | B2001: 45494 | C2001: North | D2001: Delhi | E2001: Central Hub | F2001: Critical | G2001: Capacity | H2001: Medium | I2001: 2 | J2001: 8 | K2001: 6 | L2001: Yes | M2001: 185 | N2001: 10368 | O2001: 27522 | P2001: =IF(L2001="Yes",0,1) -> 0 | Q2001: =IF(K2001>J2001,"Yes","No") -> No | R2001: {=_xlfn.IFS(K2001=0,"On Time",K2001<=2,"Minor",K2001<=5,"Major",K2001>5,"Severe")} -> Severe | S2001: =IFERROR(O2001/K2001,0) -> 4587 | T2001: =IFERROR(N2001/K2001,0) -> 1728 | U2001: =YEAR(B2001) -> 2024 | V2001: =MONTH(B2001) -> 7 | W2001: =IF(L2001="Yes",1,0) -> 1

Sheet Project_Blueprint
A1: Operations Efficiency & SLA Performance Analysis
A2: The company is facing increasing delivery delays and SLA breaches across regions and hubs.
A3: These delays are driving cost overruns, backlog accumulation, and revenue at risk.
A4: Management lacks visibility into whether delays are driven by capacity issues, operational failures, shipment criticality, or external disruptions.
A6: Business Questions
A7: Do Central Hubs reduce delays or amplify backlog?
A8: Are Critical shipments breaching SLA more than Standard ones?
A9: Which issue types cause the highest revenue at risk per delay day?
A10: Is backlog load a leading indicator of SLA breach?
A11: Which regions absorb cost overruns most inefficiently?
A12: Which issue types cause the most severe delays?
A13: Is backlog load correlated with SLA breaches?
A15: KPIs | D15: Meaning | I15: Definitions
A16: Total Shipments | D16: Count of Shipment_ID | I16: SLA-Service level agreement
A17: SLA Compliance % | D17: % of shipment with SLA_Breached="No" | I17: TAT- Turnover Time
A18: SLA Breach % | D18: 100-SLA Compliance % | I18: SLA Breach- TAT>SLA
A19: Average Planned TAT | D19: Average of Planned TAT Days | I19: ARRD-Average Revenue at Risk Per Day
A20: Average Actual TAT | D20: Average of Actual_TAT_Days
A21: Average Delay Days | D21: Average of Delay_Days | I21: Success Looks Like
A22: Total Cost Overrun | D22: Sum of Cost_Overrun | I22: Lower SLA Breach
A23: Total Revenue at Risk | D23: Sum of Revenue_at_Risk | I23: Lower Actual TAT
I24: Increased Revenue and Profit
A25: Data cleaning and preparation record
A26: Removing time stamp from Order_date, since all shipments have 00:00:00
A27: Added column SLA_compliance to check % of orders being on time.
A28: Added column Delay_Flag, Delay_Severity,Revenue_Risk_per_day, Cost_Overrun_per_day
A29: Delay_severity is measured as | D29: On Time = 0 days
D30: Minor = 1–2 days
D31: Major = 3–5 days
D32: Severe = >5 days

Sheet Pivot_Calculations
A1: Count of Shipment_ID | B1: Sum of Revenue_At_Risk | C1: Sum of Cost_Overrun | D1: Average of Planned_TAT_Days | E1: Average of Actual_TAT_Days | F1: Average of Delay_Days
A2: 2000 | B2: 21842145 | C2: 11038155 | D2: 2.186 | E2: 5.5125 | F2: 3.3265
A5: Handling_Hub | B5: Count of SLA_Breached | D5: Shipment_Type | E5: Count of SLA_Breached | G5: Delay_Issue_Type | H5: Average of Revenue_Risk_per _Day
A6: Central Hub | B6: 0.3095 | D6: Critical | E6: 0.1915 | G6: Capacity | H6: 2980.645
A7: Local Hub | B7: 0.2875 | D7: Express | E7: 0.301 | G7: Documentation | H7: 2815.5689
A8: Regional Hub | B8: 0.403 | D8: Standard | E8: 0.5075 | G8: Routing | H8: 2991.1575
A9: Grand Total | B9: 1 | D9: Grand Total | E9: 1 | G9: System | H9: 2989.4013
G10: Weather | H10: 2888.677
A11: Handling_Hub | B11: Average of Delay_Days | D11: Shipment_Type | E11: Sum of Revenue_Risk_per _Day | G11: Grand Total | H11: 2933.463
A12: Central Hub | B12: 3.3780291 | D12: Critical | E12: 1261730
A13: Local Hub | B13: 3.1756522 | D13: Express | E13: 1721547 | G13: Sum of SLA_Complaint | H13: =GETPIVOTDATA("SLA_Complaint",$G$13)/GETPIVOTDATA("Count of Shipment_ID",$A$1) -> 0.1055
A14: Regional Hub | B14: 3.3945409 | D14: Standard | E14: 2883649 | G14: 211
A15: Grand Total | B15: 3.3265 | D15: Grand Total | E15: 5866926
G16: Sum of Breach_flag | H16: =1-H13 -> 0.8945
A17: Handling_Hub | B17: Sum of Backlog_Load | D17: Shipment_Type | E17: Sum of Revenue_At_Risk | G17: 1789
A18: Central Hub | B18: 171765 | D18: Critical | E18: 5737726
A19: Local Hub | B19: 153678 | D19: Express | E19: 6057451
A20: Regional Hub | B20: 223889 | D20: Standard | E20: 10046968
A21: Grand Total | B21: 549332 | D21: Grand Total | E21: 21842145

Sheet Dashboard
A1: Logistics SLA Monitoring Dashboard
A5: Total Shipments | G5: Total Revenue at Risk | M5: Total Cost Overrun | S5: SLA Breach %
A6: =GETPIVOTDATA("Count of Shipment_ID",Pivot_Calculations!$A$1) -> 2000 | G6: =GETPIVOTDATA("Sum of Revenue_At_Risk",Pivot_Calculations!$A$1) -> 21842145 | M6: =GETPIVOTDATA("Sum of Cost_Overrun",Pivot_Calculations!$A$1) -> 11038155 | S6: =1-S11 -> 0.8945
A10: Average Planned TAT | G10: Average Actual TAT | M10: Average Delay Days | S10: SLA Compliance %
A11: =GETPIVOTDATA("Average of Planned_TAT_Days",Pivot_Calculations!$A$1) -> 2.186 | G11: =GETPIVOTDATA("Average of Actual_TAT_Days",Pivot_Calculations!$A$1) -> 5.5125 | M11: =GETPIVOTDATA("Average of Delay_Days",Pivot_Calculations!$A$1) -> 3.3265 | S11: =GETPIVOTDATA("SLA_Complaint",Pivot_Calculations!$G$13)/GETPIVOTDATA("Count of Shipment_ID",Pivot_Calculations!$A$1) -> 0.1055

Sheet Insights_Notes
A1: Key Insights
A2: Systemic SLA Breakdown | D2: SLA Complaince is critically low (10.55%). Indicating systemic inefficiency and operational failures.
A4: Hub Capacity Imbalance | D4: WIth Highest SLA Breaches(40.3%) and backlog load (2.23L), Regional Hub is performing under congestion.
A6: Strategic Prioritization | D6: Standard shipments accounts for more than 50% of total SLA Breaches, Hence, its not a operational stress.
D7: On daily basis Standard shipments are putting more than 1Cr of Revenue (nearly 50% of total Risk Revenue) at Risk.
D8: ARRD is similar across issue types (2.9k), But Capacity, Routing and Weather are Highest Risk Contributor.
A10: Root Cause Hpyotheses
A11: Standard shipments are delayed due to Critical Type being given more priority and resource allocation
A12: Regional Hub, being midway between Local and Central, is unable to meet requirements. Hence, SLA is High.
A13: Regional Hub has high breach rate and backlog load. Hence, it’s a capacity issue rather than operational inefficiency.
A14: Suggesting external factors and structural problem is hurting more than internal errors.
A15: Frequency of delays is main driver of Revenue Risk and not issue severity per incident.
A17: Recommendations
A18: Recommendation | KPI Impact | Priority | Owner
A19: Recalibrate SLA commitments based on capacity analysis to meet Planned TAT or Increase SLA to realistic level(3-4 days) | SLA compliance % ↑ Revenue at Risk ↓ | High | Ops Head
A20: Re-route excess load to Central Hub or Add more resources (Vehicles, Manpower) | Delay Days ↓ Backlog Load ↓ Cost Overrun ↓ | High | Ops Head
A21: Segregate Shipments Types and Monitor Standard Type separately (Due to High Volume) | Actual TAT Days ↓ SLA Breach % ↓ | High | Ops Head
A22: Build buffer capacity for Regional Hub and Pre Plan for Weather changes | ARRD ↓ Average Actual TAT Days ↓ | Medium | Ops Head
... A27: Hubs operating at balanced capacity with contingency planning in advance
